world_size,N,calls_per_graph,M,arm,policy,expected_backend,expected_path,max_token_num,payload_bytes,replays_per_pass,passes,p50_us_per_site,p95_us_per_site,p99_us_per_site,mean_us_per_site,p50_us_per_graph,benchmark_reset_copy_p50_us_per_site,serving_faithful_p50_us_per_site,p50_pass_spread_pct,pass_names,pass_p50_us_per_site
2,6144,1,1,iris_fused,control,iris,fused_iris_allreduce_residual_rmsnorm,42,12288,1000,1,22.1599992364645,34.2399999499321,51.00100114941597,25.113021017983556,22.1599992364645,,,0.0,"[""pass-diagnostic""]",[22.1599992364645]
2,6144,1,1,triton_forced,candidate,triton_shmem,oneshot_wholerow_padded,42,12288,1000,1,27.36049983650446,37.039998918771744,65.12100249528885,29.002039967104793,27.36049983650446,,,0.0,"[""pass-diagnostic""]",[27.36049983650446]
2,6144,1,1,upstream_unfused,control,iris,ordinary_iris_all_reduce+triton_residual_rmsnorm,42,12288,1000,1,24.700500071048737,34.52000021934509,54.23999950289726,26.11808300577104,24.700500071048737,17.319999635219574,7.380500435829163,0.0,"[""pass-diagnostic""]",[24.700500071048737]
2,6144,1,2,iris_fused,control,iris,fused_iris_allreduce_residual_rmsnorm,42,24576,1000,1,21.51999995112419,22.63999916613102,24.76000040769577,21.68954805098474,21.51999995112419,,,0.0,"[""pass-diagnostic""]",[21.51999995112419]
2,6144,1,2,triton_forced,candidate,triton_shmem,oneshot_wholerow_padded,42,24576,1000,1,19.519999623298645,20.600000396370888,23.761000484228134,19.73472802527249,19.519999623298645,,,0.0,"[""pass-diagnostic""]",[19.519999623298645]
2,6144,1,2,upstream_unfused,control,iris,ordinary_iris_all_reduce+triton_residual_rmsnorm,42,24576,1000,1,23.879999294877052,34.12099927663803,46.32100090384483,25.40554796718061,23.879999294877052,16.759999096393585,7.120000198483467,0.0,"[""pass-diagnostic""]",[23.879999294877052]
2,6144,1,42,iris_fused,control,iris,fused_iris_allreduce_residual_rmsnorm,42,516096,1000,1,30.140500515699387,31.679999083280563,33.84099900722504,30.398106060922146,30.140500515699387,,,0.0,"[""pass-diagnostic""]",[30.140500515699387]
2,6144,1,42,triton_forced,candidate,triton_shmem,oneshot_wholerow_padded,42,516096,1000,1,28.440000489354134,36.720000207424164,43.91999915242195,29.429849026724696,28.440000489354134,,,0.0,"[""pass-diagnostic""]",[28.440000489354134]
2,6144,1,42,upstream_unfused,control,iris,ordinary_iris_all_reduce+triton_residual_rmsnorm,42,516096,1000,1,32.280001789331436,35.92099994421005,41.839998215436935,32.754256995394826,32.280001789331436,17.440500669181347,14.83950112015009,0.0,"[""pass-diagnostic""]",[32.280001789331436]
2,6144,1,43,iris_fused,control,iris,fused_iris_allreduce_residual_rmsnorm,43,528384,1000,1,30.361000448465347,31.440000981092453,33.240001648664474,30.509177023544908,30.361000448465347,,,0.0,"[""pass-diagnostic""]",[30.361000448465347]
2,6144,1,43,triton_forced,candidate,triton_shmem,oneshot_wholerow_padded,43,528384,1000,1,28.64000014960766,29.841000214219093,32.040998339653015,28.81911495141685,28.64000014960766,,,0.0,"[""pass-diagnostic""]",[28.64000014960766]
2,6144,1,43,upstream_unfused,control,rccl,rccl_all_reduce+triton_residual_rmsnorm,43,528384,1000,1,39.239998906850815,40.5610017478466,41.88000038266182,39.41835994273424,39.239998906850815,13.72000016272068,25.519998744130135,0.0,"[""pass-diagnostic""]",[39.239998906850815]
2,6144,1,64,iris_fused,control,iris,fused_iris_allreduce_residual_rmsnorm,64,786432,1000,1,35.48099845647812,36.60000115633011,38.96100074052811,35.62369793280959,35.48099845647812,,,0.0,"[""pass-diagnostic""]",[35.48099845647812]
2,6144,1,64,triton_forced,candidate,triton_shmem,oneshot_wholerow_padded,64,786432,1000,1,33.64099934697151,34.48000177741051,36.68000176548958,33.77319897711277,33.64099934697151,,,0.0,"[""pass-diagnostic""]",[33.64099934697151]
2,6144,1,64,upstream_unfused,control,rccl,rccl_all_reduce+triton_residual_rmsnorm,64,786432,1000,1,42.36000031232834,43.92100125551224,45.35999894142151,42.55543705821037,42.36000031232834,13.439999893307686,28.920000419020653,0.0,"[""pass-diagnostic""]",[42.36000031232834]
2,6144,156,1,iris_fused,control,iris,fused_iris_allreduce_residual_rmsnorm,42,12288,1000,2,9.158813800567234,9.181377979425283,9.189070417330814,9.160855890848698,1428.7749528884888,,,1.9848231205199074,"[""pass1"",""pass2""]","[9.068813843604845,9.248813757529625]"
2,6144,156,1,triton_forced,candidate,triton_shmem,oneshot_wholerow_padded,42,12288,1000,2,6.92763809974377,6.979685563307543,7.003278686450078,6.9317641002245445,1080.711543560028,,,0.6797263828203226,"[""pass1"",""pass2""]","[6.904173355836135,6.951102843651404]"
2,6144,156,1,upstream_unfused,control,iris,ordinary_iris_all_reduce+triton_residual_rmsnorm,42,12288,1000,2,7.520076938164539,7.543772459030151,7.556974505766844,7.521537312330343,1173.1320023536682,1.6538653618250136,5.866211576339526,2.2899428791318677,"[""pass1"",""pass2""]","[7.605204979578654,7.434948896750425]"
2,6144,156,2,iris_fused,control,iris,fused_iris_allreduce_residual_rmsnorm,42,24576,1000,2,9.433413163209572,9.45508021574754,9.46264733106662,9.434451359204758,1471.6124534606934,,,1.865898804922761,"[""pass1"",""pass2""]","[9.520608645219069,9.346217681200077]"
2,6144,156,2,triton_forced,candidate,triton_shmem,oneshot_wholerow_padded,42,24576,1000,2,7.274241974720589,7.297515869140625,7.310461539488573,7.274444735585115,1134.7817480564117,,,0.6773560142165458,"[""pass1"",""pass2""]","[7.298795076516958,7.249688872924218]"
2,6144,156,2,upstream_unfused,control,iris,ordinary_iris_all_reduce+triton_residual_rmsnorm,42,24576,1000,2,8.47111565944476,8.49316670344426,8.501756267669872,8.471729637338566,1321.4940428733826,1.655528847223673,6.8155868122210865,0.2727906029739158,"[""pass1"",""pass2""]","[8.459577193626991,8.48265412526253]"
2,6144,156,4,iris_fused,control,iris,fused_iris_allreduce_residual_rmsnorm,42,49152,1000,1,10.052413512498905,10.070877961623363,10.076775764807676,10.05082578307543,1568.176507949829,,,0.0,"[""pass1""]",[10.052413512498905]
2,6144,156,4,triton_forced,candidate,triton_shmem,oneshot_wholerow_padded,42,49152,1000,1,7.743929441158588,7.762647592104399,7.770852400706365,7.748565309322798,1208.0529928207397,,,0.0,"[""pass1""]",[7.743929441158588]
2,6144,156,4,upstream_unfused,control,iris,ordinary_iris_all_reduce+triton_residual_rmsnorm,42,49152,1000,1,10.404852720407339,10.483961838942308,10.520621752127623,10.404837187284079,1623.157024383545,1.7892500528922448,8.615602667515095,0.0,"[""pass1""]",[10.404852720407339]
2,6144,156,8,iris_fused,control,iris,fused_iris_allreduce_residual_rmsnorm,42,98304,1000,1,10.689855768130375,10.71191063294044,10.724730980701935,10.68519148001304,1667.6174998283386,,,0.0,"[""pass1""]",[10.689855768130375]
2,6144,156,8,triton_forced,candidate,triton_shmem,oneshot_wholerow_padded,42,98304,1000,1,8.591115474700928,8.612910142311684,8.624704984518198,8.593034180311056,1340.2140140533447,,,0.0,"[""pass1""]",[8.591115474700928]
2,6144,156,8,upstream_unfused,control,iris,ordinary_iris_all_reduce+triton_residual_rmsnorm,42,98304,1000,1,12.25884640828157,12.321160389826847,12.345775579794859,12.2570944245045,1912.380039691925,1.7951474739955022,10.463698934286068,0.0,"[""pass1""]",[12.25884640828157]
2,6144,156,16,iris_fused,control,iris,fused_iris_allreduce_residual_rmsnorm,42,196608,1000,2,12.609298030535381,12.633464657343351,12.643464482747593,12.607870762546856,1967.0504927635193,,,0.5986174757923513,"[""pass1"",""pass2""]","[12.571669923953522,12.646926137117239]"
2,6144,156,16,triton_forced,candidate,triton_shmem,oneshot_wholerow_padded,42,196608,1000,2,10.34741657666671,10.373314221700033,10.381772350042294,10.348186670969694,1614.1969859600067,,,1.1790694584643546,"[""pass1"",""pass2""]","[10.408060672955635,10.286772480377785]"
2,6144,156,16,upstream_unfused,control,iris,ordinary_iris_all_reduce+triton_residual_rmsnorm,42,196608,1000,2,13.4945626442249,13.560137687585293,13.585397066214146,13.493769312516235,2105.1517724990845,1.8735464471272933,11.621016197097607,0.16075841975482508,"[""pass1"",""pass2""]","[13.505400755466558,13.483724532983242]"
2,6144,156,24,iris_fused,control,iris,fused_iris_allreduce_residual_rmsnorm,42,294912,1000,1,14.384255959437443,14.411686322627924,14.421692261329063,14.383426073269966,2243.943929672241,,,0.0,"[""pass1""]",[14.384255959437443]
2,6144,156,24,triton_forced,candidate,triton_shmem,oneshot_wholerow_padded,42,294912,1000,1,12.198846309612959,12.241154144971798,12.258333273423023,12.199776663230015,1903.0200242996216,,,0.0,"[""pass1""]",[12.198846309612959]
2,6144,156,24,upstream_unfused,control,iris,ordinary_iris_all_reduce+triton_residual_rmsnorm,42,294912,1000,1,14.370794479663555,14.44323093463213,14.46605187195998,14.372255042577402,2241.8439388275146,1.9589935739835103,12.411800905680044,0.0,"[""pass1""]",[14.370794479663555]
2,6144,156,32,iris_fused,control,iris,fused_iris_allreduce_residual_rmsnorm,42,393216,1000,2,16.05939712279882,16.079653532077103,16.09055124796354,16.05959269251579,2505.265951156616,,,0.3518793081619842,"[""pass1"",""pass2""]","[16.08760234637138,16.03119189922626]"
2,6144,156,32,triton_forced,candidate,triton_shmem,oneshot_wholerow_padded,42,393216,1000,2,13.854246873121994,13.895653761350191,13.911685882470547,13.85559300199533,2161.2625122070312,,,0.16295685882770083,"[""pass1"",""pass2""]","[13.842967840341421,13.865525905902569]"
2,6144,156,32,upstream_unfused,control,iris,ordinary_iris_all_reduce+triton_residual_rmsnorm,42,393216,1000,2,16.81395792044126,16.945048020436214,17.01415043610793,16.810875479991623,2622.9774355888367,1.9593782340868926,14.854579686354368,0.3980842664294437,"[""pass1"",""pass2""]","[16.847358300135685,16.780557540746834]"
2,6144,156,36,iris_fused,control,iris,fused_iris_allreduce_residual_rmsnorm,42,442368,1000,1,16.869150675260105,16.894276325519268,16.920173779512062,16.871182073385288,2631.587505340576,,,0.0,"[""pass1""]",[16.869150675260105]
2,6144,156,36,triton_forced,candidate,triton_shmem,oneshot_wholerow_padded,42,442368,1000,1,14.785410502018072,14.82220490773519,14.841692569928291,14.788271447022757,2306.5240383148193,,,0.0,"[""pass1""]",[14.785410502018072]
2,6144,156,36,upstream_unfused,control,iris,ordinary_iris_all_reduce+triton_residual_rmsnorm,42,442368,1000,1,17.797752832755066,17.99455055823693,18.098904536320614,17.810361496913128,2776.44944190979,1.9641218659205315,15.833630966834534,0.0,"[""pass1""]",[17.797752832755066]
2,6144,156,40,iris_fused,control,iris,fused_iris_allreduce_residual_rmsnorm,42,491520,1000,2,17.636083639585056,17.67274966606727,17.685054204402824,17.636501769988964,2751.2290477752686,,,0.5013972297268632,"[""pass1"",""pass2""]","[17.591980787423942,17.68018649174617]"
2,6144,156,40,triton_forced,candidate,triton_shmem,oneshot_wholerow_padded,42,491520,1000,2,15.798878211241501,15.831192334493,15.846961583846653,15.800643940766653,2464.6250009536743,,,1.497766152233404,"[""pass1"",""pass2""]","[15.681442541953844,15.91631388052916]"
2,6144,156,40,upstream_unfused,control,iris,ordinary_iris_all_reduce+triton_residual_rmsnorm,42,491520,1000,2,18.922951741096302,19.161993876481667,19.285843158379578,18.936693483438248,2951.980471611023,1.9601474587733927,16.962804282322907,0.375399316427405,"[""pass1"",""pass2""]","[18.958403513981747,18.887499968210857]"
2,6144,156,41,iris_fused,control,iris,fused_iris_allreduce_residual_rmsnorm,42,503808,1000,2,18.039799653566803,18.078259168527065,18.089028505178597,18.03931188506958,2814.208745956421,,,0.10098587096287748,"[""pass1"",""pass2""]","[18.030695426158417,18.048903880975185]"
2,6144,156,41,triton_forced,candidate,triton_shmem,oneshot_wholerow_padded,42,503808,1000,2,16.026701682653183,16.11811533952371,16.15721522233425,16.03484571667818,2500.1654624938965,,,0.3204874419717063,"[""pass1"",""pass2""]","[16.052342378176174,16.001060987130188]"
2,6144,156,41,upstream_unfused,control,iris,ordinary_iris_all_reduce+triton_residual_rmsnorm,42,503808,1000,2,19.070580219611145,19.24443244934082,19.328021850341408,19.083525711909317,2975.0105142593384,1.9768140254876552,17.09376619412349,0.20325813068622356,"[""pass1"",""pass2""]","[19.089941795055683,19.051218644166603]"
2,6144,156,42,iris_fused,control,iris,fused_iris_allreduce_residual_rmsnorm,42,516096,1000,2,18.061403662730484,18.09813808172177,18.108262465550347,18.064059426387153,2817.578971385956,,,0.7431054228133727,"[""pass1"",""pass2""]","[17.99454444494003,18.128262880520943]"
2,6144,156,42,triton_forced,candidate,triton_shmem,oneshot_wholerow_padded,42,516096,1000,2,16.239650738544952,16.27669884608342,16.32336240548354,16.244045191850418,2533.3855152130127,,,0.31624051019254473,"[""pass1"",""pass2""]","[16.21401309967041,16.265288377419495]"
2,6144,156,42,upstream_unfused,control,iris,ordinary_iris_all_reduce+triton_residual_rmsnorm,42,516096,1000,2,19.325968546745102,19.542253170257958,19.66558969937838,19.335338008709442,3014.8510932922363,1.9620704727295117,17.363898074015594,0.9478005704792292,"[""pass1"",""pass2""]","[19.417122388497376,19.234814704992832]"
2,6144,156,43,iris_fused,control,iris,fused_iris_allreduce_residual_rmsnorm,43,528384,1000,2,18.282816196099304,18.343907136183518,18.35518922561254,18.28966506857138,2852.1193265914917,,,0.21411962749025015,"[""pass1"",""pass2""]","[18.302368812071972,18.26326358012664]"
2,6144,156,43,triton_forced,candidate,triton_shmem,oneshot_wholerow_padded,43,528384,1000,2,16.529785516934517,16.791067062280117,16.936326638246193,16.563545758907612,2578.6465406417847,,,0.04495432756843609,"[""pass1"",""pass2""]","[16.533500108963405,16.526070924905632]"
2,6144,156,43,upstream_unfused,control,rccl,rccl_all_reduce+triton_residual_rmsnorm,43,528384,1000,2,27.494771358294365,27.551310184674385,27.574387880472038,27.490310227259613,4289.184331893921,1.957458276779224,25.537313081515144,0.21565023995080423,"[""pass1"",""pass2""]","[27.465157019786346,27.524385696802383]"
2,6144,156,44,iris_fused,control,iris,fused_iris_allreduce_residual_rmsnorm,44,540672,1000,2,18.497496843338013,18.5396793561104,18.558141512748524,18.500339498122536,2885.60950756073,,,0.004122987647381393,"[""pass1"",""pass2""]","[18.497115526443874,18.49787816023215]"
2,6144,156,44,triton_forced,candidate,triton_shmem,oneshot_wholerow_padded,44,540672,1000,2,16.977993341592644,17.158509829105476,17.234278795046684,16.98438270886739,2648.566961288452,,,4.6564055628602,"[""pass1"",""pass2""]","[17.3642818744366,16.591704808748684]"
2,6144,156,44,upstream_unfused,control,rccl,rccl_all_reduce+triton_residual_rmsnorm,44,540672,1000,2,27.456821539463142,27.533486867562317,27.558361872648582,27.44860732096892,4283.26416015625,1.962967885610385,25.493853653852756,0.01215749974114999,"[""pass1"",""pass2""]","[27.458490469516853,27.45515260940943]"
2,6144,156,48,iris_fused,control,iris,fused_iris_allreduce_residual_rmsnorm,48,589824,1000,2,19.37411075983292,19.426096708346634,19.445458283791176,19.378610491752625,3022.3612785339355,,,0.13575828993495076,"[""pass1"",""pass2""]","[19.38725281984378,19.36096869982206]"
2,6144,156,48,triton_forced,candidate,triton_shmem,oneshot_wholerow_padded,48,589824,1000,2,17.65504823281215,17.71992674240699,17.765051279312523,17.663338827017025,2754.187524318695,,,0.0841990784044011,"[""pass1"",""pass2""]","[17.647618666673317,17.662477798950977]"
2,6144,156,48,upstream_unfused,control,rccl,rccl_all_reduce+triton_residual_rmsnorm,48,589824,1000,2,27.378228994516228,27.42476952381623,27.44438403692001,27.378786790065277,4271.003723144531,1.9650192788014045,25.41320971571482,0.41764191965814046,"[""pass1"",""pass2""]","[27.43528133783585,27.321176651196602]"
2,6144,156,64,iris_fused,control,iris,fused_iris_allreduce_residual_rmsnorm,64,786432,1000,2,22.915428265547142,22.938823852783592,22.95549328510578,22.917134031271324,3574.806809425354,,,1.9895337118559064,"[""pass1"",""pass2""]","[23.141138064555633,22.68971846653865]"
2,6144,156,64,triton_forced,candidate,triton_shmem,oneshot_wholerow_padded,64,786432,1000,2,21.50791042890304,21.534455128205128,21.544326574374466,21.51092625886966,3355.2340269088745,,,0.22677066185063932,"[""pass1"",""pass2""]","[21.532269624563362,21.483551233242718]"
2,6144,156,64,upstream_unfused,control,rccl,rccl_all_reduce+triton_residual_rmsnorm,64,786432,1000,2,30.75676850783519,30.807469135675674,30.8302946579762,30.75821402439704,4798.05588722229,2.05707053343455,28.699697974400642,0.06864635940668773,"[""pass1"",""pass2""]","[30.767321586608887,30.746215429061497]"
2,6144,156,96,iris_fused,control,iris,fused_iris_allreduce_residual_rmsnorm,96,1179648,1000,1,30.214673433548366,30.239031865046574,30.250313954475597,30.216331084569294,4713.489055633545,,,0.0,"[""pass1""]",[30.214673433548366]
2,6144,156,96,triton_forced,candidate,triton_shmem,oneshot_wholerow_padded,96,1179648,1000,1,29.24927381368784,29.285941368494278,29.30594101930276,29.251596924586174,4562.886714935303,,,0.0,"[""pass1""]",[29.24927381368784]
2,6144,156,96,upstream_unfused,control,rccl,rccl_all_reduce+triton_residual_rmsnorm,96,1179648,1000,1,37.28346029917399,37.32653764578012,37.342435274368675,37.28461454159174,5816.219806671143,2.1500192009485684,35.133441098225425,0.0,"[""pass1""]",[37.28346029917399]
2,6144,156,128,iris_fused,control,iris,fused_iris_allreduce_residual_rmsnorm,128,1572864,1000,2,37.018433595315,37.044224066612045,37.05535943691547,37.020214251982864,5774.875640869141,,,1.2512154670471842,"[""pass1"",""pass2""]","[37.24858394035926,36.788283250270744]"
2,6144,156,128,triton_forced,candidate,triton_shmem,oneshot_wholerow_padded,128,1572864,1000,2,36.87730202308068,36.91191703845293,36.92768475948236,36.87962843363102,5752.859115600586,,,0.28269551979311913,"[""pass1"",""pass2""]","[36.92935368953607,36.82525035662529]"
2,6144,156,128,upstream_unfused,control,rccl,rccl_all_reduce+triton_residual_rmsnorm,128,1572864,1000,2,44.36814785003662,44.41186862114148,44.42827518169697,44.36870867778093,6921.431064605713,2.245280461815687,42.12286738822093,0.10292375281288901,"[""pass1"",""pass2""]","[44.34532691270877,44.39096878736447]"
2,6144,156,256,iris_fused,control,iris,fused_iris_allreduce_residual_rmsnorm,256,3145728,1000,1,65.39503121987367,65.50785211416391,65.56118451631986,65.40939491223067,10201.624870300293,,,0.0,"[""pass1""]",[65.39503121987367]
2,6144,156,256,triton_forced,candidate,triton_shmem,oneshot_wholerow_padded,256,3145728,1000,1,68.35736372531989,68.39249072930751,68.40326235844539,68.35922586000882,10663.748741149902,,,0.0,"[""pass1""]",[68.35736372531989]
2,6144,156,256,upstream_unfused,control,rccl,rccl_all_reduce+triton_residual_rmsnorm,256,3145728,1000,1,74.27563422765488,74.32974301851712,74.36127540392754,74.27450364063948,11586.99893951416,2.924647468786973,71.3509867588679,0.0,"[""pass1""]",[74.27563422765488]
4,6144,1,1,iris_fused,control,iris,fused_iris_allreduce_residual_rmsnorm,42,12288,1000,1,26.040000841021538,40.47999903559685,57.03999847173691,28.95018700696528,26.040000841021538,,,0.0,"[""pass-diagnostic""]",[26.040000841021538]
4,6144,1,1,triton_forced,candidate,triton_shmem,oneshot_wholerow_padded,42,12288,1000,1,24.880999699234962,37.400998175144196,54.15999889373779,26.701886974275112,24.880999699234962,,,0.0,"[""pass-diagnostic""]",[24.880999699234962]
4,6144,1,1,upstream_unfused,control,iris,ordinary_iris_all_reduce+triton_residual_rmsnorm,42,12288,1000,1,24.521000683307648,27.59999968111515,31.160999089479446,24.983963027596474,24.521000683307648,20.600500516593456,3.9205001667141914,0.0,"[""pass-diagnostic""]",[24.521000683307648]
4,6144,1,2,iris_fused,control,iris,fused_iris_allreduce_residual_rmsnorm,42,24576,1000,1,26.040000841021538,27.92000025510788,30.561000108718872,26.28347004018724,26.040000841021538,,,0.0,"[""pass-diagnostic""]",[26.040000841021538]
4,6144,1,2,triton_forced,candidate,triton_shmem,oneshot_wholerow_padded,42,24576,1000,1,24.961000308394432,26.64100006222725,30.68000078201294,25.273356940597296,24.961000308394432,,,0.0,"[""pass-diagnostic""]",[24.961000308394432]
4,6144,1,2,upstream_unfused,control,iris,ordinary_iris_all_reduce+triton_residual_rmsnorm,42,24576,1000,1,26.280000805854797,30.161000788211823,32.88000077009201,26.77928002551198,26.280000805854797,17.480000853538513,8.799999952316284,0.0,"[""pass-diagnostic""]",[26.280000805854797]
4,6144,1,42,iris_fused,control,iris,fused_iris_allreduce_residual_rmsnorm,42,516096,1000,1,41.439998894929886,43.320998549461365,44.801000505685806,41.662283942103386,41.439998894929886,,,0.0,"[""pass-diagnostic""]",[41.439998894929886]
4,6144,1,42,triton_forced,candidate,triton_shmem,oneshot_wholerow_padded,42,516096,1000,1,39.32100161910057,42.08099842071533,43.960001319646835,39.60875203087926,39.32100161910057,,,0.0,"[""pass-diagnostic""]",[39.32100161910057]
4,6144,1,42,upstream_unfused,control,iris,ordinary_iris_all_reduce+triton_residual_rmsnorm,42,516096,1000,1,40.04000127315521,43.000999838113785,45.27999833226204,40.3018349185586,40.04000127315521,19.31999996304512,20.720001310110092,0.0,"[""pass-diagnostic""]",[40.04000127315521]
4,6144,1,43,iris_fused,control,iris,fused_iris_allreduce_residual_rmsnorm,43,528384,1000,1,41.600000113248825,43.72100159525871,45.60000076889992,41.83862895146012,41.600000113248825,,,0.0,"[""pass-diagnostic""]",[41.600000113248825]
4,6144,1,43,triton_forced,candidate,triton_shmem,oneshot_wholerow_padded,43,528384,1000,1,39.940500631928444,42.72099956870079,44.52100023627281,40.275251030921936,39.940500631928444,,,0.0,"[""pass-diagnostic""]",[39.940500631928444]
4,6144,1,43,upstream_unfused,control,rccl,rccl_all_reduce+triton_residual_rmsnorm,43,528384,1000,1,49.48100075125694,51.80000141263008,53.68100106716156,49.8033760227263,49.48100075125694,17.5199992954731,31.961001455783844,0.0,"[""pass-diagnostic""]",[49.48100075125694]
4,6144,1,64,iris_fused,control,iris,fused_iris_allreduce_residual_rmsnorm,64,786432,1000,1,49.92099851369858,52.20099911093712,53.8799986243248,51.133658956736326,49.92099851369858,,,0.0,"[""pass-diagnostic""]",[49.92099851369858]
4,6144,1,64,triton_forced,candidate,triton_shmem,oneshot_wholerow_padded,64,786432,1000,1,48.88100177049637,51.121000200510025,53.08099836111069,49.06571799889207,48.88100177049637,,,0.0,"[""pass-diagnostic""]",[48.88100177049637]
4,6144,1,64,upstream_unfused,control,rccl,rccl_all_reduce+triton_residual_rmsnorm,64,786432,1000,1,46.560000628232956,48.64099994301796,50.56000128388405,46.82764707133174,46.560000628232956,19.340000115334988,27.22000051289797,0.0,"[""pass-diagnostic""]",[46.560000628232956]
4,6144,156,1,iris_fused,control,iris,fused_iris_allreduce_residual_rmsnorm,42,12288,1000,2,13.10173823283269,13.130515813827515,13.146032125521929,13.105026731888453,2043.8711643218994,,,3.2144784872941923,"[""pass1"",""pass2""]","[12.894492882948656,13.308983582716722]"
4,6144,156,1,triton_forced,candidate,triton_shmem,oneshot_wholerow_padded,42,12288,1000,2,12.221533709611649,12.29538138096149,12.325256298749874,12.22896720812871,1906.5592586994171,,,1.936128745662935,"[""pass1"",""pass2""]","[12.338711665226864,12.104355753996433]"
4,6144,156,1,upstream_unfused,control,iris,ordinary_iris_all_reduce+triton_residual_rmsnorm,42,12288,1000,2,11.631591388812431,11.706916567606804,11.739733891609387,11.634690944965069,1814.5282566547394,1.6578366168034382,9.973754772008995,0.9112825318040363,"[""pass1"",""pass2""]","[11.684349332100306,11.578833445524557]"
4,6144,156,2,iris_fused,control,iris,fused_iris_allreduce_residual_rmsnorm,42,24576,1000,2,13.308018828049685,13.333339721728594,13.342958230238693,13.309399869197454,2076.0509371757507,,,1.0098695243980549,"[""pass1"",""pass2""]","[13.374878045840141,13.241159610259228]"
4,6144,156,2,triton_forced,candidate,triton_shmem,oneshot_wholerow_padded,42,24576,1000,2,12.483077171521309,12.507304549217224,12.518589695294697,12.485237585810514,1947.3600387573242,,,0.244733975149658,"[""pass1"",""pass2""]","[12.467820674945147,12.498333668097471]"
4,6144,156,2,upstream_unfused,control,iris,ordinary_iris_all_reduce+triton_residual_rmsnorm,42,24576,1000,2,14.04847433933845,14.163220540071144,14.22206713603093,14.051462267453854,2191.561996936798,1.6691218584011764,12.379352480937273,1.0181323195328273,"[""pass1"",""pass2""]","[14.119628148201185,13.977320530475714]"
4,6144,156,4,iris_fused,control,iris,fused_iris_allreduce_residual_rmsnorm,42,49152,1000,1,14.211422357803736,14.262199401855469,14.272454457405287,14.214390829587595,2216.981887817383,,,0.0,"[""pass1""]",[14.211422357803736]
4,6144,156,4,triton_forced,candidate,triton_shmem,oneshot_wholerow_padded,42,49152,1000,1,13.015262591533173,13.045255954448994,13.060647707719069,13.02036260183041,2030.3809642791748,,,0.0,"[""pass1""]",[13.015262591533173]
4,6144,156,4,upstream_unfused,control,iris,ordinary_iris_all_reduce+triton_residual_rmsnorm,42,49152,1000,1,16.211573894207294,16.421955365401047,16.5329865920238,16.219768709097153,2529.005527496338,1.7918140078202272,14.419759886387068,0.0,"[""pass1""]",[16.211573894207294]
4,6144,156,8,iris_fused,control,iris,fused_iris_allreduce_residual_rmsnorm,42,98304,1000,1,15.50990343093872,15.536314401871119,15.548621996855124,15.51097623201517,2419.5449352264404,,,0.0,"[""pass1""]",[15.50990343093872]
4,6144,156,8,triton_forced,candidate,triton_shmem,oneshot_wholerow_padded,42,98304,1000,1,13.84732050773425,13.873986708812225,13.887319809351212,13.852057819183056,2160.181999206543,,,0.0,"[""pass1""]",[13.84732050773425]
4,6144,156,8,upstream_unfused,control,iris,ordinary_iris_all_reduce+triton_residual_rmsnorm,42,98304,1000,1,16.55209293732276,16.762218414208828,16.87298676906488,16.564423493849926,2582.126498222351,1.8020705916942694,14.750022345628494,0.0,"[""pass1""]",[16.55209293732276]
4,6144,156,16,iris_fused,control,iris,fused_iris_allreduce_residual_rmsnorm,42,196608,1000,2,18.29672776735746,18.37903184768481,18.420188854902218,18.30470168055632,2854.2895317077637,,,2.0915514165601,"[""pass1"",""pass2""]","[18.107365339230267,18.48609019548465]"
4,6144,156,16,triton_forced,candidate,triton_shmem,oneshot_wholerow_padded,42,196608,1000,2,15.6441330909729,15.700416687207344,15.733109070704533,15.650707311355152,2440.4847621917725,,,0.1377933271173859,"[""pass1"",""pass2""]","[15.633362225997143,15.654903955948658]"
4,6144,156,16,upstream_unfused,control,iris,ordinary_iris_all_reduce+triton_residual_rmsnorm,42,196608,1000,2,18.678907400522476,18.958013027142258,19.07826921878717,18.68794844777156,2913.9095544815063,1.8798910463467622,16.799016354175713,0.4775065629369468,"[""pass1"",""pass2""]","[18.72339768287463,18.634417118170322]"
4,6144,156,24,iris_fused,control,iris,fused_iris_allreduce_residual_rmsnorm,42,294912,1000,1,21.223673453697792,21.28354555521256,21.305345571958103,21.22325162551342,3310.8930587768555,,,0.0,"[""pass1""]",[21.223673453697792]
4,6144,156,24,triton_forced,candidate,triton_shmem,oneshot_wholerow_padded,42,294912,1000,1,18.764804571102825,18.82403783309154,18.849423298468956,18.769973415594833,2927.309513092041,,,0.0,"[""pass1""]",[18.764804571102825]
4,6144,156,24,upstream_unfused,control,iris,ordinary_iris_all_reduce+triton_residual_rmsnorm,42,294912,1000,1,21.115471155215534,21.425852408775917,21.585602026719314,21.127608676751453,3294.013500213623,1.9564294280149999,19.15904172720053,0.0,"[""pass1""]",[21.115471155215534]
4,6144,156,32,iris_fused,control,iris,fused_iris_allreduce_residual_rmsnorm,42,393216,1000,2,25.46519384934352,25.93346436818441,26.129750105050896,25.47459507676271,3972.570240497589,,,0.47188082835132317,"[""pass1"",""pass2""]","[25.52513510752947,25.40525259115757]"
4,6144,156,32,triton_forced,candidate,triton_shmem,oneshot_wholerow_padded,42,393216,1000,2,22.549589857076988,22.623301316530277,22.651509596751286,22.55296104687911,3517.73601770401,,,0.9253085476794709,"[""pass1"",""pass2""]","[22.445743664717064,22.653436049436912]"
4,6144,156,32,upstream_unfused,control,iris,ordinary_iris_all_reduce+triton_residual_rmsnorm,42,393216,1000,2,23.511324937526997,23.678185848089363,23.74652257332435,23.513931827667435,3667.7666902542114,1.971623406578333,21.539701530948662,0.3599809821367872,"[""pass1"",""pass2""]","[23.469082820109833,23.55356705494416]"
4,6144,156,36,iris_fused,control,iris,fused_iris_allreduce_residual_rmsnorm,42,442368,1000,1,26.200270041441307,26.311807143382538,26.348474698188976,26.201703105217373,4087.2421264648438,,,0.0,"[""pass1""]",[26.200270041441307]
4,6144,156,36,triton_forced,candidate,triton_shmem,oneshot_wholerow_padded,42,442368,1000,1,24.088708254007194,24.16845468374399,24.20383386122875,24.091131000946728,3757.838487625122,,,0.0,"[""pass1""]",[24.088708254007194]
4,6144,156,36,upstream_unfused,control,iris,ordinary_iris_all_reduce+triton_residual_rmsnorm,42,442368,1000,1,24.25870528587928,24.425115340795273,24.49537851871588,24.26024833245155,3784.358024597168,1.9697629106350434,22.28894237524424,0.0,"[""pass1""]",[24.25870528587928]
4,6144,156,40,iris_fused,control,iris,fused_iris_allreduce_residual_rmsnorm,42,491520,1000,2,27.931240888742302,28.005022269028885,28.04117936354417,27.933045495779083,4357.273578643799,,,2.2179015278542824,"[""pass1"",""pass2""]","[27.624894411135944,28.23758736634866]"
4,6144,156,40,triton_forced,candidate,triton_shmem,oneshot_wholerow_padded,42,491520,1000,2,25.61134634873806,25.684614976247154,25.720519897265312,25.61431812093808,3995.370030403137,,,0.15176389019109227,"[""pass1"",""pass2""]","[25.59192669697297,25.630766000503147]"
4,6144,156,40,upstream_unfused,control,iris,ordinary_iris_all_reduce+triton_residual_rmsnorm,42,491520,1000,2,25.73300477785942,25.851796834896774,25.908210338690342,25.738450155044212,4014.3487453460693,1.96527565519015,23.76772912266927,0.9817277716456685,"[""pass1"",""pass2""]","[25.85870180374537,25.60730775197347]"
4,6144,156,41,iris_fused,control,iris,fused_iris_allreduce_residual_rmsnorm,42,503808,1000,2,28.40176301124768,28.465669888716477,28.491573456006172,28.402673033567574,4430.675029754639,,,2.6032861385239414,"[""pass1"",""pass2""]","[28.03682363950289,28.766702382992474]"
4,6144,156,41,triton_forced,candidate,triton_shmem,oneshot_wholerow_padded,42,503808,1000,2,26.168600106850647,26.245650572654526,26.277060692126934,26.17148489524157,4082.301616668701,,,2.140116476264242,"[""pass1"",""pass2""]","[26.445654722360466,25.891545491340832]"
4,6144,156,41,upstream_unfused,control,iris,ordinary_iris_all_reduce+triton_residual_rmsnorm,42,503808,1000,2,25.856863229702682,25.982956091562905,26.037699136978542,25.860897838305206,4033.670663833618,1.9863669593364763,23.870496270366203,0.8069932850457873,"[""pass1"",""pass2""]","[25.960775522085335,25.752950937320026]"
4,6144,156,42,iris_fused,control,iris,fused_iris_allreduce_residual_rmsnorm,42,516096,1000,2,28.80234290391971,28.864904856070495,28.89080536671174,28.802998807185734,4493.165493011475,,,1.3172892261393176,"[""pass1"",""pass2""]","[28.613879130436825,28.990806677402595]"
4,6144,156,42,triton_forced,candidate,triton_shmem,oneshot_wholerow_padded,42,516096,1000,2,26.43513832336817,26.514756373870068,26.542188265384773,26.437323067432796,4123.881578445435,,,1.009964842341371,"[""pass1"",""pass2""]","[26.567960396791115,26.302316249945225]"
4,6144,156,42,upstream_unfused,control,iris,ordinary_iris_all_reduce+triton_residual_rmsnorm,42,516096,1000,2,26.09103459578294,26.205906501183144,26.256550581027298,26.095046025056106,4070.2013969421387,1.9664294444597683,24.124605151323173,1.0491695781805532,"[""pass1"",""pass2""]","[26.227189944340633,25.954879247225247]"
4,6144,156,43,iris_fused,control,iris,fused_iris_allreduce_residual_rmsnorm,43,528384,1000,2,29.044392781379898,29.11465443097628,29.14696167676877,29.046272849425293,4530.925273895264,,,0.39184015030802044,"[""pass1"",""pass2""]","[28.987600253178524,29.10118530958127]"
4,6144,156,43,triton_forced,candidate,triton_shmem,oneshot_wholerow_padded,43,528384,1000,2,27.020400915390404,27.102452058058518,27.133096487094193,27.022383598180916,4215.182542800903,,,0.36220953596697303,"[""pass1"",""pass2""]","[27.06924768594595,26.97155414483486]"
4,6144,156,43,upstream_unfused,control,rccl,rccl_all_reduce+triton_residual_rmsnorm,43,528384,1000,2,37.0290967134329,37.09575610283093,37.12384058878972,37.02977701639518,5776.539087295532,1.9806618205247781,35.04843489290812,0.8386069378234717,"[""pass1"",""pass2""]","[36.87448073656131,37.18371269030449]"
4,6144,156,44,iris_fused,control,iris,fused_iris_allreduce_residual_rmsnorm,44,540672,1000,2,29.38074561265799,29.468631133055077,29.50144731081449,29.38222554860971,4583.396315574646,,,0.05280688990207949,"[""pass1"",""pass2""]","[29.3885010939378,29.372990131378174]"
4,6144,156,44,triton_forced,candidate,triton_shmem,oneshot_wholerow_padded,44,540672,1000,2,27.207643557817505,27.29117411833543,27.324121731978195,27.21163267661364,4244.392395019531,,,0.1353326774678587,"[""pass1"",""pass2""]","[27.189245590796837,27.226041524838177]"
4,6144,156,44,upstream_unfused,control,rccl,rccl_all_reduce+triton_residual_rmsnorm,44,540672,1000,2,37.01075835105701,37.084221839904785,37.11140155792236,37.00880376497904,5773.678302764893,1.9674551410552783,35.043303210001724,0.50354896955358,"[""pass1"",""pass2""]","[36.91780872834035,37.103707973773666]"
4,6144,156,48,iris_fused,control,iris,fused_iris_allreduce_residual_rmsnorm,48,589824,1000,2,30.962939445789043,31.041723031264084,31.070950703743176,30.963610409161983,4830.218553543091,,,2.2718107782491836,"[""pass1"",""pass2""]","[31.310698924920498,30.61517996665759]"
4,6144,156,48,triton_forced,candidate,triton_shmem,oneshot_wholerow_padded,48,589824,1000,2,29.16042162821843,29.24798696469038,29.279910601102387,29.165294465346214,4549.025774002075,,,0.12404965972088178,"[""pass1"",""pass2""]","[29.178497118827625,29.142346137609238]"
4,6144,156,48,upstream_unfused,control,rccl,rccl_all_reduce+triton_residual_rmsnorm,48,589824,1000,2,33.339824431981796,33.403285038776886,33.42661949304434,33.34349723045642,5201.01261138916,1.9742499750394087,31.365574456942387,0.2680139399563908,"[""pass1"",""pass2""]","[33.38444232940674,33.295206534556854]"
4,6144,156,64,iris_fused,control,iris,fused_iris_allreduce_residual_rmsnorm,64,786432,1000,2,37.766471887246155,37.87756119018946,37.91884275583121,37.76848517472928,5891.5696144104,,,0.13420011869866855,"[""pass1"",""pass2""]","[37.74114755483774,37.79179621965457]"
4,6144,156,64,triton_forced,candidate,triton_shmem,oneshot_wholerow_padded,64,786432,1000,2,35.59292356173198,35.70869641426282,35.761257012685135,35.595780904476456,5552.496075630188,,,0.18532879798323076,"[""pass1"",""pass2""]","[35.55997212727865,35.6258749961853]"
4,6144,156,64,upstream_unfused,control,rccl,rccl_all_reduce+triton_residual_rmsnorm,64,786432,1000,2,34.13207561541826,34.189834044529846,34.21508654569968,34.13529785474141,5324.603796005249,2.056557685136795,32.075517930281464,0.23504052039395873,"[""pass1"",""pass2""]","[34.09201059585963,34.1721406349769]"
4,6144,156,96,iris_fused,control,iris,fused_iris_allreduce_residual_rmsnorm,96,1179648,1000,1,53.250875228490585,53.34078959929637,53.365579018226036,53.25169865901653,8307.136535644531,,,0.0,"[""pass1""]",[53.250875228490585]
4,6144,156,96,triton_forced,candidate,triton_shmem,oneshot_wholerow_padded,96,1179648,1000,1,48.78190389046302,48.96715971139761,49.042802590590256,48.78453600100982,7609.977006912231,,,0.0,"[""pass1""]",[48.78190389046302]
4,6144,156,96,upstream_unfused,control,rccl,rccl_all_reduce+triton_residual_rmsnorm,96,1179648,1000,1,35.21907023894481,35.259839815971176,35.28137696095002,35.221746768706886,5494.174957275391,2.1614327262609434,33.05763751268387,0.0,"[""pass1""]",[35.21907023894481]
4,6144,156,128,iris_fused,control,iris,fused_iris_allreduce_residual_rmsnorm,128,1572864,1000,2,70.06083390651605,70.17474602430295,70.21872813885028,70.06020312125867,10929.490089416504,,,0.30164792152365116,"[""pass1"",""pass2""]","[70.16634329771384,69.95532451531825]"
4,6144,156,128,triton_forced,candidate,triton_shmem,oneshot_wholerow_padded,128,1572864,1000,2,62.62054045995076,62.889899962987656,63.00221345363519,62.62895995531326,9768.80431175232,,,0.7004841743870394,"[""pass1"",""pass2""]","[62.83909846574832,62.401982454153206]"
4,6144,156,128,upstream_unfused,control,rccl,rccl_all_reduce+triton_residual_rmsnorm,128,1572864,1000,2,37.72215048472087,37.7583045225877,37.77369016256088,37.72682881049621,5884.655475616455,2.249709975260955,35.472440509459915,0.2994180840050431,"[""pass1"",""pass2""]","[37.6657614341149,37.778539535326836]"
4,6144,156,256,iris_fused,control,iris,fused_iris_allreduce_residual_rmsnorm,256,3145728,1000,1,146.69611515142978,146.83842047666892,146.90715838701297,146.69608391248264,22884.593963623047,,,0.0,"[""pass1""]",[146.69611515142978]
4,6144,156,256,triton_forced,candidate,triton_shmem,oneshot_wholerow_padded,256,3145728,1000,1,133.09700061113406,133.59752068152795,133.84008407592773,133.093927077758,20763.132095336914,,,0.0,"[""pass1""]",[133.09700061113406]
4,6144,156,256,upstream_unfused,control,rccl,rccl_all_reduce+triton_residual_rmsnorm,256,3145728,1000,1,53.20297754727877,53.239009319207604,53.25592481173002,53.20550556060596,8299.664497375488,2.94003196251698,50.26294558476179,0.0,"[""pass1""]",[53.20297754727877]
8,6144,1,1,iris_fused,control,iris,fused_iris_allreduce_residual_rmsnorm,42,12288,1000,1,35.041000694036484,37.44100034236908,39.239998906850815,35.42936899140477,35.041000694036484,,,0.0,"[""pass-diagnostic""]",[35.041000694036484]
8,6144,1,1,triton_forced,candidate,triton_shmem,oneshot_wholerow_padded,42,12288,1000,1,30.479999259114265,41.76099970936775,42.160000652074814,33.23454104736447,30.479999259114265,,,0.0,"[""pass-diagnostic""]",[30.479999259114265]
8,6144,1,1,upstream_unfused,control,iris,ordinary_iris_all_reduce+triton_residual_rmsnorm,42,12288,1000,1,35.08000075817108,41.31999984383583,43.64100098609924,35.58116105012596,35.08000075817108,23.84050004184246,11.239500716328621,0.0,"[""pass-diagnostic""]",[35.08000075817108]
8,6144,1,2,iris_fused,control,iris,fused_iris_allreduce_residual_rmsnorm,42,24576,1000,1,35.440001636743546,37.51999884843826,39.239998906850815,35.682242915034294,35.440001636743546,,,0.0,"[""pass-diagnostic""]",[35.440001636743546]
8,6144,1,2,triton_forced,candidate,triton_shmem,oneshot_wholerow_padded,42,24576,1000,1,33.841000869870186,42.281001806259155,44.881001114845276,34.99925097078085,33.841000869870186,,,0.0,"[""pass-diagnostic""]",[33.841000869870186]
8,6144,1,2,upstream_unfused,control,iris,ordinary_iris_all_reduce+triton_residual_rmsnorm,42,24576,1000,1,35.19999980926514,41.919998824596405,44.72000151872635,36.146050952374935,35.19999980926514,22.200999781489372,12.999000027775764,0.0,"[""pass-diagnostic""]",[35.19999980926514]
8,6144,1,42,iris_fused,control,iris,fused_iris_allreduce_residual_rmsnorm,42,516096,1000,1,55.84000051021576,58.761000633239746,62.001001089811325,56.20601798221469,55.84000051021576,,,0.0,"[""pass-diagnostic""]",[55.84000051021576]
8,6144,1,42,triton_forced,candidate,triton_shmem,oneshot_wholerow_padded,42,516096,1000,1,49.880001693964005,53.24099957942963,55.64099922776222,50.14690504223108,49.880001693964005,,,0.0,"[""pass-diagnostic""]",[49.880001693964005]
8,6144,1,42,upstream_unfused,control,iris,ordinary_iris_all_reduce+triton_residual_rmsnorm,42,516096,1000,1,54.03999984264374,57.19999969005585,59.36099961400032,54.33602296561003,54.03999984264374,23.639999330043793,30.400000512599945,0.0,"[""pass-diagnostic""]",[54.03999984264374]
8,6144,1,43,iris_fused,control,iris,fused_iris_allreduce_residual_rmsnorm,43,528384,1000,1,56.759998202323914,59.16000157594681,61.11999973654747,56.93928197026253,56.759998202323914,,,0.0,"[""pass-diagnostic""]",[56.759998202323914]
8,6144,1,43,triton_forced,candidate,triton_shmem,oneshot_wholerow_padded,43,528384,1000,1,53.28100174665451,56.20099976658821,57.96099826693535,53.470695961266756,53.28100174665451,,,0.0,"[""pass-diagnostic""]",[53.28100174665451]
8,6144,1,43,upstream_unfused,control,rccl,rccl_all_reduce+triton_residual_rmsnorm,43,528384,1000,1,42.64099895954132,45.0810007750988,47.24099859595299,43.011199943721294,42.64099895954132,23.919999599456787,18.720999360084534,0.0,"[""pass-diagnostic""]",[42.64099895954132]
8,6144,1,64,iris_fused,control,iris,fused_iris_allreduce_residual_rmsnorm,64,786432,1000,1,72.48099893331528,75.20099729299545,77.40099728107452,72.52652399241924,72.48099893331528,,,0.0,"[""pass-diagnostic""]",[72.48099893331528]
8,6144,1,64,triton_forced,candidate,triton_shmem,oneshot_wholerow_padded,64,786432,1000,1,69.76050138473511,76.00100338459015,78.96099984645844,70.2673420459032,69.76050138473511,,,0.0,"[""pass-diagnostic""]",[69.76050138473511]
8,6144,1,64,upstream_unfused,control,rccl,rccl_all_reduce+triton_residual_rmsnorm,64,786432,1000,1,42.36000031232834,44.52100023627281,46.32100090384483,42.677410017699,42.36000031232834,25.200500153005123,17.159500159323215,0.0,"[""pass-diagnostic""]",[42.36000031232834]
8,6144,156,1,iris_fused,control,iris,fused_iris_allreduce_residual_rmsnorm,42,12288,1000,2,21.82392737804315,21.93860900707734,21.95681746189411,21.842289399642212,3404.5326709747314,,,0.9670018193735919,"[""pass1"",""pass2""]","[21.928938535543587,21.718916220542713]"
8,6144,156,1,triton_forced,candidate,triton_shmem,oneshot_wholerow_padded,42,12288,1000,2,18.457479201830353,18.76652240753174,18.9133210059924,18.460122916178825,2879.3667554855347,,,0.517967218792581,"[""pass1"",""pass2""]","[18.409800835144825,18.505157568515877]"
8,6144,156,1,upstream_unfused,control,iris,ordinary_iris_all_reduce+triton_residual_rmsnorm,42,12288,1000,2,21.139944975192734,21.4748848707248,21.615659579252586,21.141088760816135,3297.831416130066,1.6687403504665081,19.471204624726223,0.2196580174362195,"[""pass1"",""pass2""]","[21.116752655078205,21.16313729530726]"
8,6144,156,2,iris_fused,control,iris,fused_iris_allreduce_residual_rmsnorm,42,24576,1000,2,22.13828533123701,22.216044939481293,22.235532601674397,22.142329610311066,3453.5725116729736,,,0.45287331206058656,"[""pass1"",""pass2""]","[22.188301269824688,22.088269392649334]"
8,6144,156,2,triton_forced,candidate,triton_shmem,oneshot_wholerow_padded,42,24576,1000,2,17.81900303486066,18.00496455950615,18.10919856413817,17.838221868643394,2779.764473438263,,,0.5948720048597034,"[""pass1"",""pass2""]","[17.87184599118355,17.76616007853777]"
8,6144,156,2,upstream_unfused,control,iris,ordinary_iris_all_reduce+triton_residual_rmsnorm,42,24576,1000,2,22.17507668030568,22.55386572617751,22.728483646343918,22.181151908177597,3459.3119621276855,1.6730944984234295,20.501982181882248,0.523025815943412,"[""pass1"",""pass2""]","[22.23291611060118,22.117237250010174]"
8,6144,156,4,iris_fused,control,iris,fused_iris_allreduce_residual_rmsnorm,42,49152,1000,1,23.08382055698297,23.184589850596893,23.199205215160664,23.095062171801544,3601.0760068893433,,,0.0,"[""pass1""]",[23.08382055698297]
8,6144,156,4,triton_forced,candidate,triton_shmem,oneshot_wholerow_padded,42,49152,1000,1,18.063641511476956,18.099667170108894,18.11351225926326,18.068136577422802,2817.9280757904053,,,0.0,"[""pass1""]",[18.063641511476956]
8,6144,156,4,upstream_unfused,control,iris,ordinary_iris_all_reduce+triton_residual_rmsnorm,42,49152,1000,1,23.471515912276047,23.812032662905178,23.96306471946912,23.472865850497517,3661.5564823150635,1.7980929368581526,21.673422975417896,0.0,"[""pass1""]",[23.471515912276047]
8,6144,156,8,iris_fused,control,iris,fused_iris_allreduce_residual_rmsnorm,42,98304,1000,1,25.055118860342564,25.150250165890423,25.16743005850376,25.066598311448708,3908.59854221344,,,0.0,"[""pass1""]",[25.055118860342564]
8,6144,156,8,triton_forced,candidate,triton_shmem,oneshot_wholerow_padded,42,98304,1000,1,18.73403176283225,18.769160295144104,18.787877681927803,18.740457171048874,2922.508955001831,,,0.0,"[""pass1""]",[18.73403176283225]
8,6144,156,8,upstream_unfused,control,iris,ordinary_iris_all_reduce+triton_residual_rmsnorm,42,98304,1000,1,23.711262605129143,23.99357007100032,24.133320038135235,23.704696563573982,3698.9569664001465,1.8043781702335064,21.906884434895638,0.0,"[""pass1""]",[23.711262605129143]
8,6144,156,16,iris_fused,control,iris,fused_iris_allreduce_residual_rmsnorm,42,196608,1000,2,27.86552371122898,28.234947950412064,28.306490335709007,27.916218351095154,4347.021698951721,,,0.14822252622339604,"[""pass1"",""pass2""]","[27.844887513380783,27.88615990907718]"
8,6144,156,16,triton_forced,candidate,triton_shmem,oneshot_wholerow_padded,42,196608,1000,2,21.671349421525612,21.735259355642857,21.762057756766296,21.66540003816287,3380.7305097579956,,,0.3115111430056716,"[""pass1"",""pass2""]","[21.637647579877804,21.70505126317342]"
8,6144,156,16,upstream_unfused,control,iris,ordinary_iris_all_reduce+triton_residual_rmsnorm,42,196608,1000,2,26.137810487013596,26.337875769688534,26.408900053073197,26.140540077136112,4077.498435974121,1.9055352761195257,24.23227521089407,0.2269640450598409,"[""pass1"",""pass2""]","[26.16743858043964,26.10818239358755]"
8,6144,156,24,iris_fused,control,iris,fused_iris_allreduce_residual_rmsnorm,42,294912,1000,1,31.807875021910057,32.29339000506279,32.45287675123949,31.824767250281113,4962.028503417969,,,0.0,"[""pass1""]",[31.807875021910057]
8,6144,156,24,triton_forced,candidate,triton_shmem,oneshot_wholerow_padded,42,294912,1000,1,25.221144541715965,25.313070187201866,25.348967466598904,25.224427826893635,3934.4985485076904,,,0.0,"[""pass1""]",[25.221144541715965]
8,6144,156,24,upstream_unfused,control,iris,ordinary_iris_all_reduce+triton_residual_rmsnorm,42,294912,1000,1,29.808622140150803,29.947986969581017,29.992082180121006,29.809708286554386,4650.145053863525,1.9743782587540455,27.83424388139676,0.0,"[""pass1""]",[29.808622140150803]
8,6144,156,32,iris_fused,control,iris,fused_iris_allreduce_residual_rmsnorm,42,393216,1000,2,36.13003477072104,36.37375587072128,36.55209908118614,36.152605125537285,5636.285424232483,,,0.01098608418057534,"[""pass1"",""pass2""]","[36.13201929972722,36.12805024171487]"
8,6144,156,32,triton_forced,candidate,triton_shmem,oneshot_wholerow_padded,42,393216,1000,2,30.621640193156708,30.76651157476963,30.81972171098758,30.620558029566055,4776.975870132446,,,0.34259872073680864,"[""pass1"",""pass2""]","[30.569275220235188,30.674005166078224]"
8,6144,156,32,upstream_unfused,control,iris,ordinary_iris_all_reduce+triton_residual_rmsnorm,42,393216,1000,2,34.16917874262883,34.32693848243126,34.39629536408644,34.1678992326443,5330.391883850098,1.9687403662082477,32.20043837642058,0.5756934630128274,"[""pass1"",""pass2""]","[34.07110617710994,34.26725130814772]"
8,6144,156,36,iris_fused,control,iris,fused_iris_allreduce_residual_rmsnorm,42,442368,1000,1,38.51127624511719,38.68499474647717,38.77909672565949,38.52311362364353,6007.759094238281,,,0.0,"[""pass1""]",[38.51127624511719]
8,6144,156,36,triton_forced,candidate,triton_shmem,oneshot_wholerow_padded,42,442368,1000,1,33.957256720616265,34.1264865337274,34.19571656447191,33.96193428528615,5297.332048416138,,,0.0,"[""pass1""]",[33.957256720616265]
8,6144,156,36,upstream_unfused,control,iris,ordinary_iris_all_reduce+triton_residual_rmsnorm,42,442368,1000,1,36.51881829286233,36.652665871840256,36.70523105523525,36.518781105677284,5696.935653686523,1.9733525621585357,34.545465730703796,0.0,"[""pass1""]",[36.51881829286233]
8,6144,156,40,iris_fused,control,iris,fused_iris_allreduce_residual_rmsnorm,42,491520,1000,2,40.914699053153015,41.11265372007321,41.21906329423953,40.928876591034424,6382.69305229187,,,0.3022233501861926,"[""pass1"",""pass2""]","[40.852965452732185,40.976432653573845]"
8,6144,156,40,triton_forced,candidate,triton_shmem,oneshot_wholerow_padded,42,491520,1000,2,35.485856043986786,35.82105116966443,35.91477259611472,35.51114230583875,5535.7935428619385,,,7.486549539435616,"[""pass1"",""pass2""]","[36.766260098188354,34.20545198978522]"
8,6144,156,40,upstream_unfused,control,iris,ordinary_iris_all_reduce+triton_residual_rmsnorm,42,491520,1000,2,38.54571855985201,38.71674262560331,38.784051552796974,38.539438733687774,6013.132095336914,1.9720736413429945,36.57364491850902,0.2262268854966054,"[""pass1"",""pass2""]","[38.589269686967896,38.50216743273613]"
8,6144,156,41,iris_fused,control,iris,fused_iris_allreduce_residual_rmsnorm,42,503808,1000,2,41.917331707783234,42.11303820976844,42.20752838330391,41.932365460273544,6539.103746414185,,,0.3787742632513691,"[""pass1"",""pass2""]","[41.99656767722888,41.83809573833759]"
8,6144,156,41,triton_forced,candidate,triton_shmem,oneshot_wholerow_padded,42,503808,1000,2,37.422475906518784,37.60401713542449,37.68362754430527,37.393867182425964,5837.906241416931,,,0.6243857986571566,"[""pass1"",""pass2""]","[37.30600919478979,37.53894261824779]"
8,6144,156,41,upstream_unfused,control,iris,ordinary_iris_all_reduce+triton_residual_rmsnorm,42,503808,1000,2,39.34287872069921,39.55531425965138,39.641213722718064,39.33793224585362,6137.489080429077,1.9849583697624695,37.35792035093674,0.15429980970078638,"[""pass1"",""pass2""]","[39.373208314944534,39.31254912645389]"
8,6144,156,42,iris_fused,control,iris,fused_iris_allreduce_residual_rmsnorm,42,516096,1000,2,42.35181823754922,42.699193343138084,42.842528758904876,42.383461472315666,6606.883645057678,,,0.5403448150591128,"[""pass1"",""pass2""]","[42.46593285829593,42.237703616802506]"
8,6144,156,42,triton_forced,candidate,triton_shmem,oneshot_wholerow_padded,42,516096,1000,2,38.580497105916336,38.776202079577324,38.84851168363522,38.58271330900681,6018.557548522949,,,0.479046861933341,"[""pass1"",""pass2""]","[38.672685623168945,38.488308588663735]"
8,6144,156,42,upstream_unfused,control,iris,ordinary_iris_all_reduce+triton_residual_rmsnorm,42,516096,1000,2,39.72204526265462,39.91287793868627,39.984545646569664,39.666003971527786,6196.639060974121,1.969509590894748,37.75253567175987,0.38682494528998745,"[""pass1"",""pass2""]","[39.79872434567182,39.64536617963742]"
8,6144,156,43,iris_fused,control,iris,fused_iris_allreduce_residual_rmsnorm,43,528384,1000,2,44.2013878088731,44.34369619076068,44.40959600301889,44.19693567049809,6895.416498184204,,,0.865992535833171,"[""pass1"",""pass2""]","[44.010822589580826,44.391953028165375]"
8,6144,156,43,triton_forced,candidate,triton_shmem,oneshot_wholerow_padded,43,528384,1000,2,37.813878976381744,38.01106031124408,38.09259946529682,37.75703747303058,5898.965120315552,,,6.449871680440111,"[""pass1"",""pass2""]","[38.995253734099556,36.632504218663925]"
8,6144,156,43,upstream_unfused,control,rccl,rccl_all_reduce+triton_residual_rmsnorm,43,528384,1000,2,28.30531199773153,28.353775158906593,28.376464660351093,28.34787044616846,4415.628671646118,1.9832275425776458,26.322084455153878,0.06227476034750268,"[""pass1"",""pass2""]","[28.31412278688871,28.296501208574345]"
8,6144,156,44,iris_fused,control,iris,fused_iris_allreduce_residual_rmsnorm,44,540672,1000,2,44.25234366685916,44.39061574446849,44.45740962639833,44.24868812316504,6903.365612030029,,,0.9133480247464743,"[""pass1"",""pass2""]","[44.453513927948784,44.051173405769546]"
8,6144,156,44,triton_forced,candidate,triton_shmem,oneshot_wholerow_padded,44,540672,1000,2,39.30940383519882,39.50222638937143,39.59056352957701,39.31017742248682,6132.266998291016,,,2.444548235553756,"[""pass1"",""pass2""]","[38.83473689739521,39.784070773002426]"
8,6144,156,44,upstream_unfused,control,rccl,rccl_all_reduce+triton_residual_rmsnorm,44,540672,1000,2,27.538632735227928,27.58850653966268,27.6069686963008,27.54211965891031,4296.026706695557,1.9791249472361345,25.55950778799179,0.17964000010666226,"[""pass1"",""pass2""]","[27.56334573794634,27.513919732509514]"
8,6144,156,48,iris_fused,control,iris,fused_iris_allreduce_residual_rmsnorm,48,589824,1000,2,47.740515990134995,47.884618624662735,47.94782705796071,47.74353480033385,7447.52049446106,,,1.6105328732443969,"[""pass1"",""pass2""]","[48.12188331897442,47.35914866129557]"
8,6144,156,48,triton_forced,candidate,triton_shmem,oneshot_wholerow_padded,48,589824,1000,2,41.27166668574016,41.46763147451939,41.56288428184314,41.273909701750824,6438.380002975464,,,1.7010183149701597,"[""pass1"",""pass2""]","[40.9236076550606,41.61972571641971]"
8,6144,156,48,upstream_unfused,control,rccl,rccl_all_reduce+triton_residual_rmsnorm,48,589824,1000,2,27.681838243435593,27.751068274180092,27.781070807041267,27.686377875315838,4318.366765975952,1.981044809023539,25.700793434412052,0.6009319600910112,"[""pass1"",""pass2""]","[27.76476358756041,27.598912899310772]"
8,6144,156,64,iris_fused,control,iris,fused_iris_allreduce_residual_rmsnorm,64,786432,1000,2,58.945952317653564,59.17640221424592,59.285894418374085,58.95138688882192,9195.568561553955,,,0.8395903996107457,"[""pass1"",""pass2""]","[59.192370145748825,58.699534489558296]"
8,6144,156,64,triton_forced,candidate,triton_shmem,oneshot_wholerow_padded,64,786432,1000,2,53.426151092235855,53.66660692752936,53.776475099416885,53.39861534497677,8334.479570388794,,,3.434788633159336,"[""pass1"",""pass2""]","[52.52410509647467,54.32819708799705]"
8,6144,156,64,upstream_unfused,control,rccl,rccl_all_reduce+triton_residual_rmsnorm,64,786432,1000,2,27.55465110143026,27.626060522519623,27.653500055655456,27.55823462590193,4298.52557182312,2.0748910804589586,25.479760020971298,0.4605874460706927,"[""pass1"",""pass2""]","[27.617961932451298,27.491340270409218]"
8,6144,156,96,iris_fused,control,iris,fused_iris_allreduce_residual_rmsnorm,96,1179648,1000,1,83.99441914680676,84.37569936116536,84.55698918073605,84.00541357505016,13103.129386901855,,,0.0,"[""pass1""]",[83.99441914680676]
8,6144,156,96,triton_forced,candidate,triton_shmem,oneshot_wholerow_padded,96,1179648,1000,1,82.1006756562453,82.48927654364171,82.6733723664895,81.92199703363272,12807.705402374268,,,0.0,"[""pass1""]",[82.1006756562453]
8,6144,156,96,upstream_unfused,control,rccl,rccl_all_reduce+triton_residual_rmsnorm,96,1179648,1000,1,32.01877459501609,32.06159518315242,32.08698064852984,32.02182343372932,4994.92883682251,2.1687436562318068,29.850030938784283,0.0,"[""pass1""]",[32.01877459501609]
8,6144,156,128,iris_fused,control,iris,fused_iris_allreduce_residual_rmsnorm,128,1572864,1000,2,113.39152470613138,114.0283865806384,114.34609462053348,113.41061563980885,17689.077854156494,,,2.1177017479730997,"[""pass1"",""pass2""]","[114.57959199563051,112.20345741663223]"
8,6144,156,128,triton_forced,candidate,triton_shmem,oneshot_wholerow_padded,128,1572864,1000,2,106.8959450110411,107.62601632338303,108.77257127028244,106.55992013063187,16675.767421722412,,,0.19164729433220895,"[""pass1"",""pass2""]","[106.79361147758289,106.99827854449933]"
8,6144,156,128,upstream_unfused,control,rccl,rccl_all_reduce+triton_residual_rmsnorm,128,1572864,1000,2,32.72893642767882,32.79496461917192,32.8252239105029,32.732609973504,5105.7140827178955,2.2564343152902064,30.47250211238861,0.11036715886001414,"[""pass1"",""pass2""]","[32.74698746510041,32.710885390257225]"
8,6144,156,256,iris_fused,control,iris,fused_iris_allreduce_residual_rmsnorm,256,3145728,1000,1,262.24707334469525,263.5846504798302,264.0218245677459,262.2609085425352,40910.54344177246,,,0.0,"[""pass1""]",[262.24707334469525]
8,6144,156,256,triton_forced,candidate,triton_shmem,oneshot_wholerow_padded,256,3145728,1000,1,240.41931445782,242.03801766420023,242.49446086394482,240.41248045212183,37505.41305541992,,,0.0,"[""pass1""]",[240.41931445782]
8,6144,156,256,upstream_unfused,control,rccl,rccl_all_reduce+triton_residual_rmsnorm,256,3145728,1000,1,46.645714686467095,46.724557876586914,46.76789198166285,46.6533085841399,7276.731491088867,2.9484935295887484,43.69722115687835,0.0,"[""pass1""]",[46.645714686467095]
